Fund Name,P1,P2,P3,P4,P5,Topsis Score,Rank
M1,0.83,0.69,3.8,40.7,11.51,0.474466337737636,6
M2,0.84,0.71,3.7,39.6,11.21,0.49342725096788,5
M3,0.95,0.9,6.1,51.5,14.86,0.8741684668637604,1
M4,0.94,0.88,7.0,35.1,10.98,0.8229433413496142,2
M5,0.62,0.38,6.6,61.5,17.28,0.28812904980802173,8
M6,0.82,0.67,6.7,65.7,18.47,0.6619669959127613,3
M7,0.86,0.74,4.1,34.3,10.0,0.5516827069733738,4
M8,0.77,0.59,4.2,64.6,17.54,0.3900229131952522,7
