Fund Name,P1,P2,P3,P4,P5,Topsis Score,Rank
M1,0.83,0.69,3.8,40.7,11.51,0.7010059910777136,2
M2,0.84,0.71,3.7,39.6,11.21,0.717978784107574,1
M3,0.95,0.9,6.1,51.5,14.86,0.6980802045908266,3
M4,0.94,0.88,7.0,35.1,10.98,0.553323003770304,6
M5,0.62,0.38,6.6,61.5,17.28,0.1951612060816748,8
M6,0.82,0.67,6.7,65.7,18.47,0.4387061452060888,7
M7,0.86,0.74,4.1,34.3,10.0,0.6826307452847641,4
M8,0.77,0.59,4.2,64.6,17.54,0.5884154465897895,5
